{
	"m1":50.22337007522583,
	"m2":1.8725247383117676
}